,BENIGN,Bot,DDoS,DoS GoldenEye,DoS Hulk,DoS Slowhttptest,DoS slowloris,FTP-Patator,Infiltration,PortScan,SSH-Patator,Web Attack - Brute Force,Web Attack - Sql Injection,Web Attack - XSS
BENIGN,126911,606,0,1,12,4,0,1,2,0,0,0,0,0
Bot,0,0,0,0,0,0,0,0,0,0,0,0,0,0
DDoS,0,0,0,0,0,0,0,0,0,0,0,0,0,0
DoS GoldenEye,0,0,0,0,0,0,0,0,0,0,0,0,0,0
DoS Hulk,0,0,0,0,0,0,0,0,0,0,0,0,0,0
DoS Slowhttptest,0,0,0,0,0,0,0,0,0,0,0,0,0,0
DoS slowloris,0,0,0,0,0,0,0,0,0,0,0,0,0,0
FTP-Patator,0,0,0,0,0,0,0,0,0,0,0,0,0,0
Infiltration,0,0,0,0,0,0,0,0,0,0,0,0,0,0
PortScan,19,0,4,3,135,1,1,3,359,158306,17,23,52,7
SSH-Patator,0,0,0,0,0,0,0,0,0,0,0,0,0,0
Web Attack - Brute Force,0,0,0,0,0,0,0,0,0,0,0,0,0,0
Web Attack - Sql Injection,0,0,0,0,0,0,0,0,0,0,0,0,0,0
Web Attack - XSS,0,0,0,0,0,0,0,0,0,0,0,0,0,0
